{
	"id": 1,
	"list": [
		{
			"user": "K~",
			"content": "阿森纳这个赛季发挥很稳，估计能进两球！支持阿森纳的送花花！",
			"time": "昨天 21:51:00"
		},
		{
			"user": "D7",
			"content": "两场4球，19岁小将👏",
			"time": "昨天 22:38:28"
		},
		{
			"user": "Caroline",
			"content": "不得不说，加尔看新人的眼光一流，当年他在拜仁提拔了不被看好的穆勒，感觉第二个穆勒又出来了，加油，我的曼联，虽然我是女人，好想飙泪！",
			"time": "昨天 22:41:57"
		},
		{
			"user": "王者皇家马德里",
			"content": "我觉得，如果莱斯特夺冠。马赫雷斯和瓦尔迪一定会被挖角成功。莱斯特城很可能沦为保级队。最有利的竞争者应该是枪手，曼城，曼联，蓝军。欧冠你们下赛季绝对能进。1/4就够呛了。决赛肯定有皇马。欧冠就别想太多了。😄😄😄😄",
			"time": "昨天 16:48:21"
		},
		{
			"user": "A灬奔跑吧、兄弟",
			"content": "梅西的球迷在哪里？ 顶下",
			"time": "昨天 23:58:33"
		},
		{
			"user": "赵太婆",
			"content": "依旧支持红魔的送花😘",
			"time": "昨天 22:10:54"
		},
		{
			"user": "祥哥",
			"content": "真心不希望曼联赢，范厨师又续命成功",
			"time": "昨天 23:58:34"
		}
	]
}