{
	"id": 2,
	"title": "英超-曼联3-2枪手 妖星造3球",
	"content": "腾讯体育2月28日讯 北京时间2月28日晚，2015-16赛季英超联赛第27轮上演双红大战，曼联3比2击败阿森纳升至第五位，枪手仍居第三，和榜首的莱斯特城分差拉开到了5分。拉什福德梅开二度，并助攻埃雷拉破门。枪手方面，厄齐尔传射建功，维尔贝克也有一球入账。<br>　　精彩回放<br>　　曼联本场排出4231阵型，拉什福德首发出任单箭头，他成为曼联队史上第四年轻的英超首发球员，前三人分别是马切达、菲利普-内维尔和拉斐尔。此外门神德赫亚复出。阿森纳同样祭出4231阵型，沃尔科特突前，维尔贝克登场，厄齐尔和桑切斯双核坐镇。<br>　　开场30秒，维尔贝克中路的攻门被挡了一下后减慢速度，德赫亚轻松没收。第7分钟，维尔贝克分球，厄齐尔送出绝妙直塞，蒙雷亚尔突入禁区左翼的射门被德赫亚扑出。第9分钟，巴雷拉侵犯桑切斯得到本场首张黄牌。第13分钟，拉什福德左路突至禁区线前沿被保利斯塔放倒，主裁判判罚了任意球。随后马塔虚晃一枪，德佩的射门被切赫稳稳扑住。<br>　　第19分钟，蒙雷亚尔左路突破传中，布林德头球解围不远，桑切斯的凌空抽射打偏。三分钟后，卡里克对维尔贝克犯规也领到黄牌。比赛的第29分钟，巴雷拉右路传中，科斯切尔尼冒顶，保利斯塔解围不远，拉什福德跟进射门命中，曼联1比0领先阿森纳。18岁零120天的拉什福德是曼联队史取得英超进球第三年轻的球员，身前两人分别是马切达和维尔贝克。<br>　　第32分钟，林加德短传，马塔再分球到右路，巴雷拉头球顶回，林加德随即传中，拉什福德头球攻门命中，曼联2比0扩大了领先优势。拉什福德近2场攻入4球，他也成为曼联历史上最年轻的在英超单场梅开二度的球员。排名第二至第四的分别是鲁尼、吉格斯和C罗。<br>　　第40分钟，厄齐尔任意球传中，维尔贝克头球攻门命中右下角，阿森纳将比分扳成1比2，维尔贝克连续两轮联赛取得入球，厄齐尔本赛季助攻数达到18次。<br>　　第56分钟，施奈德林禁区左侧的凌空抽射被科奎林舍身封堵。第65分钟，马塔中路突破分球，拉什福德右翼横敲，埃雷拉弧顶处推射击中科斯切尔尼折射入网，曼联3比1领先阿森纳。<br>　　第69分钟，桑切斯右路传中，维尔贝克禁区内停球后射门被德赫亚挡出，厄齐尔凌空补射弹地入网，阿森纳将比分扳成2比3。第70分钟，埃雷拉放倒拉姆塞，后者起身报复将埃雷拉推倒，结果两人各领一张黄牌。第73分钟，埃尔内尼绊倒德佩，主裁判再度出示黄牌。<br>　　第80分钟，桑切斯挑传禁区，吉鲁头球攻门稍稍顶高。第86分钟，厄齐尔传中，科斯切尔尼的头球攻门被德赫亚没收。第92分钟，厄齐尔将巴雷拉撞倒吃到黄牌。半分钟后，贾努扎伊侵犯科斯切尔尼同样被黄牌警告。最终，曼联3比2击败阿森纳，升至积分榜第五位。阿森纳仍居第三，但和榜首莱斯特城的分差拉开到了5分。",
	"img": "/img/01.jpeg",
	"comment": 2431,
	"time": "2016-02-28 23:59:21"
}