[
	{
		"id": 1,
		"title": "联赛杯决赛-正播红军0-0曼城",
		"content": "克洛普盼夺执教利物浦首冠，米尔纳斯特林各自战旧主。",
		"img": "/img/01.jpeg",
		"comment": 178
	},
	{
		"id": 2,
		"title": "英超-曼联3-2枪手 妖星造3球",
		"content": "拉什福德两球并助攻埃雷拉，厄齐尔传射建功，维尔贝克破门。",
		"img": "/img/02.jpeg",
		"comment": 2431
	},

	{
		"id": 3,
		"title": "红魔超新星出世 两连击封神",
		"content": "小将头顶脚踢梅开二度，看更多曼联vs阿森纳精彩视频>>",
		"img": "/img/03.jpeg",
		"comment": 37
	},

	{
		"id": 4,
		"title": "300斤壮汉抢断 罚球线前暴扣",
		"content": "CBA半决赛次战辽宁vs广东视频：超难争议球再现>>",
		"img": "/img/04.jpeg",
		"comment": 773
	},

	{
		"id": 5,
		"title": "哈达迪疯狂38+21 四川2-0新疆",
		"content": "四川客场3分险胜新疆拿到赛点，国内球员一共只得到12分。",
		"img": "/img/05.jpeg",
		"comment": 7804
	},

	{
		"id": 6,
		"title": "恶习难改？西热使坏瞒过裁判",
		"content": "CBA半决赛次战新疆vs四川视频：哈达迪单吃周琦>>",
		"img": "/img/06.jpeg",
		"comment": 1431
	},

	{
		"id": 7,
		"title": "广东新疆危险 0-2落后无逆转",
		"content": "CBA21年历史没有球队0-2能翻盘，广东现状更难实现。",
		"img": "/img/07.jpeg",
		"comment": 1353
	},

	{
		"id": 8,
		"title": "8:00视频直播2场NBA比赛",
		"content": "8点同时直播热火vs尼克斯、森林狼vs小牛，敬请关注。",
		"img": "/img/08.jpeg",
		"comment": 13
	},

	{
		"id": 9,
		"title": "专访佩兰：随时准备重返中国",
		"content": "称对国足感情一直没变，最大遗憾是没能调教好国足的进攻。",
		"img": "/img/09.jpeg",
		"comment": 499
	},

	{
		"id": 10,
		"title": "德甲-正直播多特vs霍芬海姆",
		"content": "多特剑指6连胜，奥巴梅扬本赛季34场各项赛事进31球。",
		"img": "/img/10.jpeg",
		"comment": 52
	}
]